0,15,0,15,0,15,0,15,0,15,0,7,0,15,0,15,0,14,0,15,0,15,0,15
0,15,0,15,0,15,0,15,0,15,0,7,0,15,0,15,14,15,0,15,0,15,0,15
0,15,0,15,0,15,0,15,0,15,7,15,0,15,0,15,0,14,0,15,0,15,0,15
0,15,0,15,0,15,0,15,0,15,7,15,0,15,0,15,14,15,0,15,0,15,0,15
0,15,0,14,0,15,0,15,0,15,0,8,0,15,0,15,0,15,0,15,0,15,0,15
0,15,14,15,0,15,0,15,0,15,0,8,0,15,0,15,0,15,0,15,0,15,0,15
0,15,0,15,0,15,0,15,0,15,8,15,0,15,0,15,0,15,0,15,0,14,0,15
0,15,0,15,0,15,0,15,0,15,8,15,0,15,0,15,0,15,0,15,14,15,0,15
0,15,0,14,0,15,0,15,0,15,0,8,0,15,0,15,0,15,0,15,0,15,0,15
0,15,14,15,0,15,0,15,0,15,0,8,0,15,0,15,0,15,0,15,0,15,0,15
0,15,0,14,0,15,0,15,0,15,8,15,0,15,0,15,0,15,0,15,0,15,0,15
0,15,14,15,0,15,0,15,0,15,8,15,0,15,0,15,0,15,0,15,0,15,0,15
0,15,0,15,0,15,0,15,0,15,0,9,0,15,0,15,0,14,0,15,0,15,0,15
0,15,0,15,0,15,0,15,0,15,0,9,0,15,0,15,14,15,0,15,0,15,0,15
0,15,0,15,0,15,0,15,0,15,9,15,0,15,0,15,0,15,0,15,0,14,0,15
0,15,0,15,0,15,0,15,0,15,9,15,0,15,0,15,0,15,0,15,14,15,0,15
0,15,0,14,0,15,0,15,0,15,0,15,0,15,0,15,0,14,0,15,0,15,0,15
0,15,14,15,0,15,0,15,0,15,0,15,0,15,0,15,0,14,0,15,0,15,0,15
0,15,0,15,0,15,0,15,0,15,0,15,0,15,0,7,14,15,0,15,0,15,0,15
0,15,0,15,0,15,0,15,0,15,0,15,0,15,7,15,14,15,0,15,0,15,0,15
0,15,0,15,0,15,0,15,0,14,0,9,0,15,0,15,0,15,0,15,0,15,0,15
0,15,0,15,0,15,0,15,14,15,0,9,0,15,0,15,0,15,0,15,0,15,0,15
0,15,0,15,0,15,0,15,0,15,9,15,0,15,0,15,0,14,0,15,0,15,0,15
0,15,0,15,0,15,0,15,0,15,9,15,0,15,0,15,14,15,0,15,0,15,0,15
0,15,0,15,0,15,0,15,0,14,0,15,0,15,0,15,0,15,0,15,0,14,0,15
0,15,0,15,0,15,0,15,0,14,0,15,0,15,0,15,0,15,0,15,14,15,0,15
0,15,0,15,0,15,0,15,14,15,0,15,0,15,0,15,0,15,0,15,0,14,0,15
0,15,0,15,0,15,0,15,14,15,0,15,0,15,0,15,0,15,0,15,14,15,0,15
0,15,0,14,0,15,0,15,0,15,0,9,0,15,0,15,0,15,0,15,0,15,0,15
0,15,14,15,0,15,0,15,0,15,0,9,0,15,0,15,0,15,0,15,0,15,0,15
0,15,0,15,0,15,0,15,0,15,9,15,0,15,0,15,0,15,0,15,0,14,0,15
0,15,0,15,0,15,0,15,0,15,9,15,0,15,0,15,0,15,0,15,14,15,0,15
0,15,0,15,0,15,0,15,0,15,0,10,0,15,0,15,0,14,0,15,0,15,0,15
0,15,0,15,0,15,0,15,0,15,0,10,0,15,0,15,14,15,0,15,0,15,0,15
0,15,0,15,0,15,0,15,0,15,10,15,0,15,0,15,0,14,0,15,0,15,0,15
0,15,0,15,0,15,0,15,0,15,10,15,0,15,0,15,14,15,0,15,0,15,0,15
0,15,0,14,0,15,0,15,0,15,0,10,0,15,0,15,0,15,0,15,0,15,0,15
0,15,14,15,0,15,0,15,0,15,0,10,0,15,0,15,0,15,0,15,0,15,0,15
0,15,0,15,0,15,0,15,0,14,10,15,0,15,0,15,0,15,0,15,0,15,0,15
0,15,0,15,0,15,0,15,14,15,10,15,0,15,0,15,0,15,0,15,0,15,0,15
0,15,0,14,0,15,0,15,0,14,0,15,0,15,0,15,0,15,0,15,0,15,0,15
0,15,0,14,0,15,0,15,14,15,0,15,0,15,0,15,0,15,0,15,0,15,0,15
0,15,14,15,0,15,0,15,0,15,0,15,0,15,0,8,0,15,0,15,0,15,0,15
0,15,14,15,0,15,0,15,0,15,0,15,0,15,8,15,0,15,0,15,0,15,0,15
0,15,0,15,0,15,0,15,0,15,0,15,0,15,0,15,0,14,0,15,0,14,0,15
0,15,0,15,0,15,0,15,0,15,0,15,0,15,0,15,14,15,0,15,0,14,0,15
0,15,0,15,0,15,0,15,0,14,0,15,0,15,0,15,0,15,0,15,14,15,0,15
0,15,0,15,0,15,0,15,14,15,0,15,0,15,0,15,0,15,0,15,14,15,0,15
0,15,0,15,0,15,0,15,0,15,0,10,0,15,0,15,0,14,0,15,0,15,0,15
0,15,0,15,0,15,0,15,0,15,0,10,0,15,0,15,14,15,0,15,0,15,0,15
0,15,0,15,0,15,0,15,0,15,10,15,0,15,0,15,0,15,0,15,0,14,0,15
0,15,0,15,0,15,0,15,0,15,10,15,0,15,0,15,0,15,0,15,14,15,0,15
0,15,0,14,0,15,0,15,0,14,0,15,0,15,0,15,0,15,0,15,0,15,0,15
0,15,0,14,0,15,0,15,14,15,0,15,0,15,0,15,0,15,0,15,0,15,0,15
0,15,14,15,0,15,0,15,0,15,0,15,0,15,0,15,0,14,0,15,0,15,0,15
0,15,14,15,0,15,0,15,0,15,0,15,0,15,0,15,14,15,0,15,0,15,0,15
0,14,0,15,0,15,0,15,0,15,0,10,0,15,0,15,0,15,0,15,0,15,0,15
14,15,0,15,0,15,0,15,0,15,0,10,0,15,0,15,0,15,0,15,0,15,0,15
0,15,0,15,0,15,0,7,0,15,10,15,0,15,0,15,0,15,0,15,0,15,0,15
0,15,0,15,0,15,7,15,0,15,10,15,0,15,0,15,0,15,0,15,0,15,0,15
0,15,0,15,0,15,0,15,0,15,0,15,0,15,0,8,0,14,0,15,0,15,0,15
0,15,0,15,0,15,0,15,0,15,0,15,0,15,8,15,0,14,0,15,0,15,0,15
0,15,0,15,0,15,0,15,0,15,0,15,0,15,0,8,14,15,0,15,0,15,0,15
0,15,0,15,0,15,0,15,0,15,0,15,0,15,8,15,14,15,0,15,0,15,0,15
0,14,0,15,0,15,0,15,0,15,0,15,0,15,0,15,0,15,0,15,0,14,0,15
14,15,0,15,0,15,0,15,0,15,0,15,0,15,0,15,0,15,0,15,0,14,0,15
0,15,0,15,0,15,0,7,0,15,0,15,0,15,0,15,0,15,0,15,14,15,0,15
0,15,0,15,0,15,7,15,0,15,0,15,0,15,0,15,0,15,0,15,14,15,0,15
0,15,0,15,0,15,0,7,0,14,0,15,0,15,0,15,0,15,0,15,0,15,0,15
0,15,0,15,0,15,7,15,0,14,0,15,0,15,0,15,0,15,0,15,0,15,0,15
0,15,0,15,0,15,0,15,14,15,0,15,0,15,0,15,0,14,0,15,0,15,0,15
0,15,0,15,0,15,0,15,14,15,0,15,0,15,0,15,14,15,0,15,0,15,0,15
0,15,0,15,0,15,0,15,0,14,0,10,0,15,0,15,0,15,0,15,0,15,0,15
0,15,0,15,0,15,0,15,14,15,0,10,0,15,0,15,0,15,0,15,0,15,0,15
0,15,0,15,0,15,0,15,0,15,10,15,0,8,0,15,0,15,0,15,0,15,0,15
0,15,0,15,0,15,0,15,0,15,10,15,8,15,0,15,0,15,0,15,0,15,0,15
0,15,0,15,0,15,0,15,0,15,0,15,0,15,0,15,0,14,0,15,0,14,0,15
0,15,0,15,0,15,0,15,0,15,0,15,0,15,0,15,14,15,0,15,0,14,0,15
0,15,0,15,0,15,0,15,0,15,0,15,0,15,0,15,0,15,0,14,14,15,0,15
0,15,0,15,0,15,0,15,0,15,0,15,0,15,0,15,0,15,14,15,14,15,0,15
0,15,0,15,0,15,0,15,0,15,0,15,0,8,0,15,0,15,0,15,0,14,0,15
0,15,0,15,0,15,0,15,0,15,0,15,0,8,0,15,0,15,0,15,14,15,0,15
0,14,0,15,0,15,0,15,0,15,0,15,8,15,0,15,0,15,0,15,0,15,0,15
14,15,0,15,0,15,0,15,0,15,0,15,8,15,0,15,0,15,0,15,0,15,0,15
0,15,0,15,0,15,0,7,0,15,0,15,0,15,0,15,0,15,0,15,0,15,0,7
0,15,0,15,0,15,0,7,0,15,0,15,0,15,0,15,0,15,0,15,0,15,7,15
0,15,0,15,0,15,7,15,0,14,0,15,0,15,0,15,0,15,0,15,0,15,0,15
0,15,0,15,0,15,7,15,14,15,0,15,0,15,0,15,0,15,0,15,0,15,0,15
0,15,0,15,0,15,0,15,0,15,0,10,0,15,0,8,0,15,0,15,0,15,0,15
0,15,0,15,0,15,0,15,0,15,0,10,0,15,8,15,0,15,0,15,0,15,0,15
0,15,0,15,0,15,0,15,0,15,10,15,0,15,0,15,0,15,0,15,0,15,0,7
0,15,0,15,0,15,0,15,0,15,10,15,0,15,0,15,0,15,0,15,0,15,7,15
0,15,0,15,0,15,0,15,0,15,0,15,0,15,0,8,0,14,0,15,0,15,0,15
0,15,0,15,0,15,0,15,0,15,0,15,0,15,8,15,0,14,0,15,0,15,0,15
0,15,0,15,0,15,0,15,0,15,0,15,0,15,0,8,14,15,0,15,0,15,0,15
0,15,0,15,0,15,0,15,0,15,0,15,0,15,8,15,14,15,0,15,0,15,0,15
0,15,0,15,0,15,0,15,0,15,0,15,0,8,0,15,0,15,0,15,0,14,0,15
0,15,0,15,0,15,0,15,0,15,0,15,0,8,0,15,0,15,0,15,14,15,0,15
0,14,0,15,0,15,0,15,0,15,0,15,8,15,0,15,0,15,0,15,0,15,0,15
14,15,0,15,0,15,0,15,0,15,0,15,8,15,0,15,0,15,0,15,0,15,0,15
0,15,0,15,0,15,0,15,0,14,0,15,0,15,0,8,0,15,0,15,0,15,0,15
0,15,0,15,0,15,0,15,0,14,0,15,0,15,8,15,0,15,0,15,0,15,0,15
0,15,0,15,0,15,0,15,14,15,0,15,0,15,0,15,0,14,0,15,0,15,0,15
0,15,0,15,0,15,0,15,14,15,0,15,0,15,0,15,14,15,0,15,0,15,0,15
0,15,0,15,0,15,0,7,0,15,0,10,0,15,0,15,0,15,0,15,0,15,0,15
0,15,0,15,0,15,0,7,0,15,10,15,0,15,0,15,0,15,0,15,0,15,0,15
0,15,0,15,0,15,7,15,0,15,0,15,0,15,0,15,0,15,0,15,0,14,0,15
0,15,0,15,0,15,7,15,0,15,0,15,0,15,0,15,0,15,0,15,14,15,0,15
0,15,0,15,0,15,0,15,0,15,0,10,0,15,0,15,0,15,0,14,0,15,0,15
0,15,0,15,0,15,0,15,0,15,0,10,0,15,0,15,0,15,14,15,0,15,0,15
0,15,0,15,0,15,0,15,0,15,10,15,0,15,0,15,0,15,0,14,0,15,0,15
0,15,0,15,0,15,0,15,0,15,10,15,0,15,0,15,0,15,14,15,0,15,0,15
0,15,0,15,0,15,0,15,0,14,0,15,0,15,0,15,0,15,0,15,0,15,0,7
0,15,0,15,0,15,0,15,0,14,0,15,0,15,0,15,0,15,0,15,0,15,7,15
0,15,0,15,0,15,0,15,14,15,0,15,0,15,0,8,0,15,0,15,0,15,0,15
0,15,0,15,0,15,0,15,14,15,0,15,0,15,8,15,0,15,0,15,0,15,0,15
0,15,0,15,0,15,0,15,0,15,0,15,0,8,0,15,0,15,0,15,0,15,0,7
0,15,0,15,0,15,0,15,0,15,0,15,0,8,0,15,0,15,0,15,0,15,7,15
0,14,0,15,0,15,0,15,0,15,0,15,8,15,0,15,0,15,0,15,0,15,0,15
14,15,0,15,0,15,0,15,0,15,0,15,8,15,0,15,0,15,0,15,0,15,0,15
0,15,0,15,0,14,0,15,0,15,0,15,0,15,0,15,0,15,0,15,0,14,0,15
0,15,0,15,14,15,0,15,0,15,0,15,0,15,0,15,0,15,0,15,0,14,0,15
0,15,0,15,0,14,0,15,0,15,0,15,0,15,0,15,0,15,0,15,14,15,0,15
0,15,0,15,14,15,0,15,0,15,0,15,0,15,0,15,0,15,0,15,14,15,0,15
0,15,0,15,0,15,0,7,0,15,0,15,0,15,0,15,0,15,0,15,0,15,0,7
0,15,0,15,0,15,0,7,0,15,0,15,0,15,0,15,0,15,0,15,0,15,7,15
0,15,0,15,0,15,7,15,0,15,0,15,0,15,0,15,0,15,0,14,0,15,0,15
0,15,0,15,0,15,7,15,0,15,0,15,0,15,0,15,0,15,14,15,0,15,0,15
0,15,0,15,0,15,0,15,0,15,0,15,0,15,0,8,0,14,0,15,0,15,0,15
0,15,0,15,0,15,0,15,0,15,0,15,0,15,8,15,0,14,0,15,0,15,0,15
0,15,0,15,0,15,0,15,0,15,0,15,0,15,0,8,14,15,0,15,0,15,0,15
0,15,0,15,0,15,0,15,0,15,0,15,0,15,8,15,14,15,0,15,0,15,0,15
0,15,0,15,0,15,0,15,0,15,0,10,0,15,0,15,0,15,0,14,0,15,0,15
0,15,0,15,0,15,0,15,0,15,0,10,0,15,0,15,0,15,14,15,0,15,0,15
0,15,0,15,0,15,0,15,0,15,10,15,0,15,0,15,0,15,0,14,0,15,0,15
0,15,0,15,0,15,0,15,0,15,10,15,0,15,0,15,0,15,14,15,0,15,0,15
0,15,0,15,0,15,0,15,0,14,0,15,0,15,0,8,0,15,0,15,0,15,0,15
0,15,0,15,0,15,0,15,0,14,0,15,0,15,8,15,0,15,0,15,0,15,0,15
0,15,0,15,0,15,0,15,14,15,0,15,0,15,0,15,0,14,0,15,0,15,0,15
0,15,0,15,0,15,0,15,14,15,0,15,0,15,0,15,14,15,0,15,0,15,0,15
0,15,0,15,0,15,0,15,0,15,0,15,0,15,0,15,0,15,0,14,0,14,0,15
0,15,0,15,0,15,0,15,0,15,0,15,0,15,0,15,0,15,14,15,0,14,0,15
0,15,0,15,0,15,0,15,0,15,0,15,0,15,0,15,0,15,0,14,14,15,0,15
0,15,0,15,0,15,0,15,0,15,0,15,0,15,0,15,0,15,14,15,14,15,0,15
0,15,0,15,0,15,0,15,0,15,0,15,0,8,0,15,0,15,0,14,0,15,0,15
0,15,0,15,0,15,0,15,0,15,0,15,0,8,0,15,0,15,14,15,0,15,0,15
0,14,0,15,0,15,0,15,0,15,0,15,8,15,0,15,0,15,0,15,0,15,0,15
14,15,0,15,0,15,0,15,0,15,0,15,8,15,0,15,0,15,0,15,0,15,0,15
0,14,0,15,0,15,0,7,0,15,0,15,0,15,0,15,0,15,0,15,0,15,0,15
14,15,0,15,0,15,0,7,0,15,0,15,0,15,0,15,0,15,0,15,0,15,0,15
0,15,0,15,0,15,7,15,0,15,0,15,0,15,0,15,0,15,0,14,0,15,0,15
0,15,0,15,0,15,7,15,0,15,0,15,0,15,0,15,0,15,14,15,0,15,0,15
0,15,0,15,0,15,0,15,0,15,0,10,0,15,0,8,0,15,0,15,0,15,0,15
0,15,0,15,0,15,0,15,0,15,0,10,0,15,8,15,0,15,0,15,0,15,0,15
0,15,0,15,0,14,0,15,0,15,10,15,0,15,0,15,0,15,0,15,0,15,0,15
0,15,0,15,14,15,0,15,0,15,10,15,0,15,0,15,0,15,0,15,0,15,0,15
0,15,0,15,0,15,0,15,0,14,0,15,0,15,0,8,0,15,0,15,0,15,0,15
0,15,0,15,0,15,0,15,0,14,0,15,0,15,8,15,0,15,0,15,0,15,0,15
0,15,0,15,0,15,0,15,14,15,0,15,0,15,0,15,0,15,0,15,0,15,0,7
0,15,0,15,0,15,0,15,14,15,0,15,0,15,0,15,0,15,0,15,0,15,7,15
0,15,0,15,0,14,0,15,0,15,0,15,0,15,0,15,0,15,0,15,0,14,0,15
0,15,0,15,14,15,0,15,0,15,0,15,0,15,0,15,0,15,0,15,0,14,0,15
0,15,0,15,0,14,0,15,0,15,0,15,0,15,0,15,0,15,0,15,14,15,0,15
0,15,0,15,14,15,0,15,0,15,0,15,0,15,0,15,0,15,0,15,14,15,0,15
0,15,0,15,0,15,0,15,0,15,0,15,0,8,0,15,0,15,0,14,0,15,0,15
0,15,0,15,0,15,0,15,0,15,0,15,0,8,0,15,0,15,14,15,0,15,0,15
0,14,0,15,0,15,0,15,0,15,0,15,8,15,0,15,0,15,0,15,0,15,0,15
14,15,0,15,0,15,0,15,0,15,0,15,8,15,0,15,0,15,0,15,0,15,0,15
0,15,0,15,0,15,0,15,0,15,0,15,0,15,0,8,0,14,0,15,0,15,0,15
0,15,0,15,0,15,0,15,0,15,0,15,0,15,8,15,0,14,0,15,0,15,0,15
0,15,0,15,0,15,0,15,0,15,0,15,0,15,0,8,14,15,0,15,0,15,0,15
0,15,0,15,0,15,0,15,0,15,0,15,0,15,8,15,14,15,0,15,0,15,0,15
0,15,0,15,0,15,0,7,0,15,0,15,0,15,0,15,0,15,0,15,0,15,0,7
0,15,0,15,0,15,0,7,0,15,0,15,0,15,0,15,0,15,0,15,0,15,7,15
0,15,0,15,0,15,7,15,0,15,0,15,0,15,0,15,0,15,0,14,0,15,0,15
0,15,0,15,0,15,7,15,0,15,0,15,0,15,0,15,0,15,14,15,0,15,0,15
0,15,0,15,0,15,0,15,0,15,0,10,0,15,0,15,0,15,0,15,0,15,0,7
0,15,0,15,0,15,0,15,0,15,0,10,0,15,0,15,0,15,0,15,0,15,7,15
0,15,0,15,0,15,0,15,0,15,10,15,0,15,0,15,0,15,0,15,0,15,0,7
0,15,0,15,0,15,0,15,0,15,10,15,0,15,0,15,0,15,0,15,0,15,7,15
0,15,0,15,0,15,0,15,0,14,0,15,0,15,0,15,0,15,0,15,0,15,0,7
0,15,0,15,0,15,0,15,0,14,0,15,0,15,0,15,0,15,0,15,0,15,7,15
0,15,0,15,0,15,0,15,14,15,0,15,0,15,0,15,0,15,0,15,0,15,0,7
0,15,0,15,0,15,0,15,14,15,0,15,0,15,0,15,0,15,0,15,0,15,7,15
0,15,0,15,0,15,0,15,0,15,0,15,0,15,0,15,0,15,0,14,0,14,0,15
0,15,0,15,0,15,0,15,0,15,0,15,0,15,0,15,0,15,14,15,0,14,0,15
0,15,0,15,0,15,0,15,0,15,0,15,0,15,0,15,0,15,0,14,14,15,0,15
0,15,0,15,0,15,0,15,0,15,0,15,0,15,0,15,0,15,14,15,14,15,0,15
0,15,0,15,0,14,0,15,0,15,0,15,0,15,0,15,0,14,0,15,0,15,0,15
0,15,0,15,14,15,0,15,0,15,0,15,0,15,0,15,0,14,0,15,0,15,0,15
0,15,0,14,0,15,0,15,0,15,0,15,0,15,0,15,14,15,0,15,0,15,0,15
0,15,14,15,0,15,0,15,0,15,0,15,0,15,0,15,14,15,0,15,0,15,0,15
0,15,0,15,0,15,0,15,0,15,0,15,0,8,0,15,0,15,0,15,0,15,0,7
0,15,0,15,0,15,0,15,0,15,0,15,0,8,0,15,0,15,0,15,0,15,7,15
0,14,0,15,0,15,0,15,0,15,0,15,8,15,0,15,0,15,0,15,0,15,0,15
14,15,0,15,0,15,0,15,0,15,0,15,8,15,0,15,0,15,0,15,0,15,0,15
0,15,0,15,0,15,0,7,0,15,0,15,0,15,0,15,0,15,0,15,0,15,0,7
0,15,0,15,0,15,0,7,0,15,0,15,0,15,0,15,0,15,0,15,0,15,7,15
0,14,0,15,0,15,7,15,0,15,0,15,0,15,0,15,0,15,0,15,0,15,0,15
14,15,0,15,0,15,7,15,0,15,0,15,0,15,0,15,0,15,0,15,0,15,0,15
0,15,0,15,0,15,0,15,0,15,0,10,0,15,0,8,0,15,0,15,0,15,0,15
0,15,0,15,0,15,0,15,0,15,0,10,0,15,8,15,0,15,0,15,0,15,0,15
0,15,0,15,0,15,0,15,0,15,10,15,0,15,0,15,0,15,0,15,0,15,0,7
0,15,0,15,0,15,0,15,0,15,10,15,0,15,0,15,0,15,0,15,0,15,7,15
0,15,0,15,0,15,0,15,0,14,0,15,0,15,0,8,0,15,0,15,0,15,0,15
0,15,0,15,0,15,0,15,0,14,0,15,0,15,8,15,0,15,0,15,0,15,0,15
0,15,0,15,0,15,0,15,14,15,0,15,0,15,0,8,0,15,0,15,0,15,0,15
0,15,0,15,0,15,0,15,14,15,0,15,0,15,8,15,0,15,0,15,0,15,0,15
0,15,0,15,0,15,0,15,0,15,0,15,0,15,0,8,0,14,0,15,0,15,0,15
0,15,0,15,0,15,0,15,0,15,0,15,0,15,8,15,0,14,0,15,0,15,0,15
0,15,0,15,0,14,0,15,0,15,0,15,0,15,0,15,14,15,0,15,0,15,0,15
0,15,0,15,14,15,0,15,0,15,0,15,0,15,0,15,14,15,0,15,0,15,0,15
0,14,0,15,0,15,0,15,0,15,0,15,0,15,0,8,0,15,0,15,0,15,0,15
14,15,0,15,0,15,0,15,0,15,0,15,0,15,0,8,0,15,0,15,0,15,0,15
0,14,0,15,0,15,0,15,0,15,0,15,0,15,8,15,0,15,0,15,0,15,0,15
14,15,0,15,0,15,0,15,0,15,0,15,0,15,8,15,0,15,0,15,0,15,0,15
0,15,0,15,0,15,0,15,0,15,0,15,0,15,0,15,0,15,0,15,0,14,0,7
0,15,0,15,0,15,0,15,0,15,0,15,0,15,0,15,0,15,0,15,0,14,7,15
0,15,0,15,0,14,0,15,0,15,0,15,0,15,0,15,0,15,0,15,14,15,0,15
0,15,0,15,14,15,0,15,0,15,0,15,0,15,0,15,0,15,0,15,14,15,0,15
0,15,0,15,0,15,0,15,0,15,0,15,0,8,0,15,0,15,0,14,0,15,0,15
0,15,0,15,0,15,0,15,0,15,0,15,0,8,0,15,0,15,14,15,0,15,0,15
0,15,0,15,0,15,0,15,0,15,0,15,8,15,0,15,0,15,0,14,0,15,0,15
0,15,0,15,0,15,0,15,0,15,0,15,8,15,0,15,0,15,14,15,0,15,0,15
0,15,0,15,0,15,0,15,0,15,0,15,0,15,0,8,0,14,0,15,0,15,0,15
0,15,0,15,0,15,0,15,0,15,0,15,0,15,8,15,0,14,0,15,0,15,0,15
0,15,0,15,0,15,0,15,0,15,0,15,0,15,0,8,14,15,0,15,0,15,0,15
0,15,0,15,0,15,0,15,0,15,0,15,0,15,8,15,14,15,0,15,0,15,0,15
0,15,0,15,0,15,0,15,0,15,0,10,0,15,0,8,0,15,0,15,0,15,0,15
0,15,0,15,0,15,0,15,0,15,0,10,0,15,8,15,0,15,0,15,0,15,0,15
0,15,0,15,0,15,0,15,0,15,10,15,0,15,0,15,0,15,0,14,0,15,0,15
0,15,0,15,0,15,0,15,0,15,10,15,0,15,0,15,0,15,14,15,0,15,0,15
0,15,0,14,0,15,0,15,0,15,0,15,0,15,0,15,0,14,0,15,0,15,0,15
0,15,0,14,0,15,0,15,0,15,0,15,0,15,0,15,14,15,0,15,0,15,0,15
0,15,14,15,0,15,0,15,0,15,0,15,0,15,0,15,0,14,0,15,0,15,0,15
0,15,14,15,0,15,0,15,0,15,0,15,0,15,0,15,14,15,0,15,0,15,0,15
0,15,0,15,0,15,0,15,0,14,0,15,0,15,0,15,0,15,0,15,0,15,0,7
0,15,0,15,0,15,0,15,0,14,0,15,0,15,0,15,0,15,0,15,0,15,7,15
0,15,0,15,0,15,0,15,14,15,0,10,0,15,0,15,0,15,0,15,0,15,0,15
0,15,0,15,0,15,0,15,14,15,10,15,0,15,0,15,0,15,0,15,0,15,0,15
0,15,0,15,0,15,0,15,0,15,0,15,0,15,0,15,0,15,0,14,0,14,0,15
0,15,0,15,0,15,0,15,0,15,0,15,0,15,0,15,0,15,14,15,0,14,0,15
0,15,0,15,0,14,0,15,0,15,0,15,0,15,0,15,0,15,0,15,14,15,0,15
0,15,0,15,14,15,0,15,0,15,0,15,0,15,0,15,0,15,0,15,14,15,0,15
0,15,0,15,0,14,0,15,0,15,0,15,0,15,0,15,0,14,0,15,0,15,0,15
0,15,0,15,0,14,0,15,0,15,0,15,0,15,0,15,14,15,0,15,0,15,0,15
0,15,0,15,14,15,0,15,0,15,0,15,0,15,0,15,0,14,0,15,0,15,0,15
0,15,0,15,14,15,0,15,0,15,0,15,0,15,0,15,14,15,0,15,0,15,0,15
0,15,0,15,0,15,0,7,0,15,0,15,0,15,0,15,0,15,0,14,0,15,0,15
0,15,0,15,0,15,0,7,0,15,0,15,0,15,0,15,0,15,14,15,0,15,0,15
0,15,0,15,0,15,7,15,0,15,0,15,0,15,0,15,0,15,0,15,0,15,0,7
0,15,0,15,0,15,7,15,0,15,0,15,0,15,0,15,0,15,0,15,0,15,7,15
0,15,0,14,0,15,0,15,0,15,0,15,0,15,0,15,0,15,0,15,0,15,0,7
0,15,0,14,0,15,0,15,0,15,0,15,0,15,0,15,0,15,0,15,0,15,7,15
0,15,14,15,0,15,0,15,0,15,0,15,0,15,0,8,0,15,0,15,0,15,0,15
0,15,14,15,0,15,0,15,0,15,0,15,0,15,8,15,0,15,0,15,0,15,0,15
0,14,0,15,0,15,0,15,0,15,0,15,0,15,0,15,0,15,0,15,0,15,0,7
14,15,0,15,0,15,0,15,0,15,0,15,0,15,0,15,0,15,0,15,0,15,0,7
0,14,0,15,0,15,0,15,0,15,0,15,0,15,0,15,0,15,0,15,0,15,7,15
14,15,0,15,0,15,0,15,0,15,0,15,0,15,0,15,0,15,0,15,0,15,7,15
0,15,0,15,0,15,0,15,0,14,0,15,0,15,0,8,0,15,0,15,0,15,0,15
0,15,0,15,0,15,0,15,0,14,0,15,0,15,8,15,0,15,0,15,0,15,0,15
0,15,0,15,0,15,0,15,14,15,0,15,0,15,0,8,0,15,0,15,0,15,0,15
0,15,0,15,0,15,0,15,14,15,0,15,0,15,8,15,0,15,0,15,0,15,0,15
0,15,0,15,0,15,0,15,0,15,0,15,0,8,0,15,0,15,0,15,0,15,0,7
0,15,0,15,0,15,0,15,0,15,0,15,0,8,0,15,0,15,0,15,0,15,7,15
0,15,0,15,0,15,0,15,0,15,0,15,8,15,0,15,0,15,0,14,0,15,0,15
0,15,0,15,0,15,0,15,0,15,0,15,8,15,0,15,0,15,14,15,0,15,0,15
0,15,0,15,0,14,0,15,0,15,0,15,0,15,0,15,0,14,0,15,0,15,0,15
0,15,0,15,0,14,0,15,0,15,0,15,0,15,0,15,14,15,0,15,0,15,0,15
0,15,0,15,14,15,0,15,0,15,0,15,0,15,0,15,0,14,0,15,0,15,0,15
0,15,0,15,14,15,0,15,0,15,0,15,0,15,0,15,14,15,0,15,0,15,0,15
0,15,0,15,0,15,0,7,0,15,0,15,0,15,0,15,0,15,0,14,0,15,0,15
0,15,0,15,0,15,0,7,0,15,0,15,0,15,0,15,0,15,14,15,0,15,0,15
0,15,0,15,0,15,7,15,0,15,0,15,0,15,0,15,0,15,0,14,0,15,0,15
0,15,0,15,0,15,7,15,0,15,0,15,0,15,0,15,0,15,14,15,0,15,0,15
0,15,0,15,0,15,0,15,0,14,0,10,0,15,0,15,0,15,0,15,0,15,0,15
0,15,0,15,0,15,0,15,0,14,10,15,0,15,0,15,0,15,0,15,0,15,0,15
0,15,0,15,0,15,0,15,14,15,0,10,0,15,0,15,0,15,0,15,0,15,0,15
0,15,0,15,0,15,0,15,14,15,10,15,0,15,0,15,0,15,0,15,0,15,0,15
0,14,0,15,0,15,0,15,0,15,0,15,0,8,0,15,0,15,0,15,0,15,0,15
14,15,0,15,0,15,0,15,0,15,0,15,0,8,0,15,0,15,0,15,0,15,0,15
0,14,0,15,0,15,0,15,0,15,0,15,8,15,0,15,0,15,0,15,0,15,0,15
14,15,0,15,0,15,0,15,0,15,0,15,8,15,0,15,0,15,0,15,0,15,0,15
0,15,0,15,0,14,0,15,0,15,0,10,0,15,0,15,0,15,0,15,0,15,0,15
0,15,0,15,0,14,0,15,0,15,10,15,0,15,0,15,0,15,0,15,0,15,0,15
0,15,0,15,14,15,0,15,0,15,0,10,0,15,0,15,0,15,0,15,0,15,0,15
0,15,0,15,14,15,0,15,0,15,10,15,0,15,0,15,0,15,0,15,0,15,0,15
0,15,0,15,0,15,0,15,0,15,0,15,0,15,0,15,0,15,0,15,0,14,0,7
0,15,0,15,0,15,0,15,0,15,0,15,0,15,0,15,0,15,0,15,0,14,7,15
0,15,0,15,0,15,0,15,0,15,0,15,0,15,0,15,0,15,0,14,14,15,0,15
0,15,0,15,0,15,0,15,0,15,0,15,0,15,0,15,0,15,14,15,14,15,0,15
0,15,0,15,0,15,0,15,0,15,0,15,0,15,0,15,0,15,0,14,0,15,0,7
0,15,0,15,0,15,0,15,0,15,0,15,0,15,0,15,0,15,0,14,0,15,7,15
0,15,0,15,0,15,0,15,0,15,0,15,0,15,0,8,0,15,14,15,0,15,0,15
0,15,0,15,0,15,0,15,0,15,0,15,0,15,8,15,0,15,14,15,0,15,0,15
0,15,0,15,0,15,0,15,0,15,0,15,0,15,0,8,0,14,0,15,0,15,0,15
0,15,0,15,0,15,0,15,0,15,0,15,0,15,0,8,14,15,0,15,0,15,0,15
0,15,0,15,0,15,0,15,0,15,0,15,0,15,8,15,0,14,0,15,0,15,0,15
0,15,0,15,0,15,0,15,0,15,0,15,0,15,8,15,14,15,0,15,0,15,0,15
0,15,0,14,0,15,0,15,0,15,0,15,0,15,0,15,0,14,0,15,0,15,0,15
0,15,0,14,0,15,0,15,0,15,0,15,0,15,0,15,14,15,0,15,0,15,0,15
0,15,14,15,0,15,0,15,0,15,0,15,0,15,0,15,0,14,0,15,0,15,0,15
0,15,14,15,0,15,0,15,0,15,0,15,0,15,0,15,14,15,0,15,0,15,0,15
0,15,0,14,0,15,0,15,0,15,0,15,0,15,0,8,0,15,0,15,0,15,0,15
0,15,0,14,0,15,0,15,0,15,0,15,0,15,8,15,0,15,0,15,0,15,0,15
0,15,14,15,0,15,0,15,0,15,0,15,0,15,0,8,0,15,0,15,0,15,0,15
0,15,14,15,0,15,0,15,0,15,0,15,0,15,8,15,0,15,0,15,0,15,0,15
0,14,0,15,0,15,0,7,0,15,0,15,0,15,0,15,0,15,0,15,0,15,0,15
14,15,0,15,0,15,0,7,0,15,0,15,0,15,0,15,0,15,0,15,0,15,0,15
0,15,0,15,0,15,7,15,0,15,0,15,0,15,0,15,0,15,0,15,0,15,0,7
0,15,0,15,0,15,7,15,0,15,0,15,0,15,0,15,0,15,0,15,0,15,7,15
0,15,0,15,0,14,0,15,0,15,0,15,0,15,0,15,0,14,0,15,0,15,0,15
0,15,0,15,0,14,0,15,0,15,0,15,0,15,0,15,14,15,0,15,0,15,0,15
0,15,0,15,14,15,0,15,0,15,0,15,0,15,0,15,0,15,0,14,0,15,0,15
0,15,0,15,14,15,0,15,0,15,0,15,0,15,0,15,0,15,14,15,0,15,0,15
0,15,0,15,0,15,0,15,0,14,0,15,0,15,0,8,0,15,0,15,0,15,0,15
0,15,0,15,0,15,0,15,0,14,0,15,0,15,8,15,0,15,0,15,0,15,0,15
0,15,0,15,0,15,0,15,14,15,0,15,0,15,0,15,0,14,0,15,0,15,0,15
0,15,0,15,0,15,0,15,14,15,0,15,0,15,0,15,14,15,0,15,0,15,0,15
0,15,0,15,0,15,0,15,0,15,0,15,0,15,0,8,0,15,0,14,0,15,0,15
0,15,0,15,0,15,0,15,0,15,0,15,0,15,0,8,0,15,14,15,0,15,0,15
0,15,0,15,0,15,0,15,0,15,0,15,0,15,8,15,0,14,0,15,0,15,0,15
0,15,0,15,0,15,0,15,0,15,0,15,0,15,8,15,14,15,0,15,0,15,0,15
