0,255,0,255,0,255,0,255,0,255,0,255,0,255,0,255,0,180,0,255,0,255,0,255,0,255,0,255,0,194,0,255,0,255,0,255,0,255
0,255,0,255,0,255,0,255,0,255,0,255,0,255,0,255,180,255,0,255,0,255,0,255,0,255,0,255,0,194,0,255,0,255,0,255,0,255
0,255,0,255,0,255,0,255,0,255,0,255,0,255,0,255,0,255,0,255,0,255,0,255,0,255,0,255,194,255,0,255,0,255,0,199,0,255
0,255,0,255,0,255,0,255,0,255,0,255,0,255,0,255,0,255,0,255,0,255,0,255,0,255,0,255,194,255,0,255,0,255,199,255,0,255
0,255,0,255,0,255,0,255,0,255,0,255,0,255,0,255,0,255,0,255,0,255,0,255,0,255,0,255,0,194,0,255,0,255,0,119,0,255
0,255,0,255,0,255,0,255,0,255,0,255,0,255,0,255,0,255,0,255,0,255,0,255,0,255,0,255,0,194,0,255,0,255,119,255,0,255
0,255,0,255,0,255,0,255,0,255,0,255,0,255,0,255,0,255,0,255,0,255,0,255,0,255,0,255,194,255,0,255,0,255,0,200,0,255
0,255,0,255,0,255,0,255,0,255,0,255,0,255,0,255,0,255,0,255,0,255,0,255,0,255,0,255,194,255,0,255,0,255,200,255,0,255
0,255,0,255,0,255,0,255,0,94,0,255,0,255,0,255,0,255,0,255,0,255,0,255,0,255,0,255,0,255,0,255,0,255,0,120,0,255
0,255,0,255,0,255,0,255,0,94,0,255,0,255,0,255,0,255,0,255,0,255,0,255,0,255,0,255,0,255,0,255,0,255,120,255,0,255
0,255,0,255,0,255,0,255,94,255,0,255,0,255,0,255,0,255,0,255,0,255,0,181,0,255,0,255,0,255,0,255,0,255,0,255,0,255
0,255,0,255,0,255,0,255,94,255,0,255,0,255,0,255,0,255,0,255,0,255,181,255,0,255,0,255,0,255,0,255,0,255,0,255,0,255
0,255,0,255,0,255,0,255,0,48,0,255,0,255,0,255,0,255,0,255,0,255,0,255,0,255,0,255,0,194,0,255,0,255,0,255,0,255
0,255,0,255,0,255,0,255,48,255,0,255,0,255,0,255,0,255,0,255,0,255,0,255,0,255,0,255,0,194,0,255,0,255,0,255,0,255
0,255,0,255,0,255,0,255,0,255,0,255,0,255,0,255,0,180,0,255,0,255,0,255,0,255,0,255,194,255,0,255,0,255,0,255,0,255
0,255,0,255,0,255,0,255,0,255,0,255,0,255,0,255,180,255,0,255,0,255,0,255,0,255,0,255,194,255,0,255,0,255,0,255,0,255
0,255,0,255,0,255,0,255,0,75,0,255,0,255,0,255,0,255,0,255,0,255,0,181,0,255,0,255,0,255,0,255,0,255,0,255,0,255
0,255,0,255,0,255,0,255,75,255,0,255,0,255,0,255,0,255,0,255,0,255,0,181,0,255,0,255,0,255,0,255,0,255,0,255,0,255
0,255,0,255,0,255,0,255,0,255,0,255,0,255,0,255,0,255,0,255,0,255,181,255,0,255,0,255,0,254,0,255,0,255,0,255,0,255
0,255,0,255,0,255,0,255,0,255,0,255,0,255,0,255,0,255,0,255,0,255,181,255,0,255,0,255,254,255,0,255,0,255,0,255,0,255
0,255,0,255,0,255,0,255,0,255,0,255,0,255,0,255,0,180,0,255,0,255,0,255,0,255,0,255,0,255,0,255,0,196,0,255,0,255
0,255,0,255,0,255,0,255,0,255,0,255,0,255,0,255,0,180,0,255,0,255,0,255,0,255,0,255,0,255,0,255,196,255,0,255,0,255
0,255,0,255,0,255,0,255,0,255,0,255,0,255,0,255,180,255,0,255,0,255,0,255,0,255,0,255,0,254,0,255,0,255,0,255,0,255
0,255,0,255,0,255,0,255,0,255,0,255,0,255,0,255,180,255,0,255,0,255,0,255,0,255,0,255,254,255,0,255,0,255,0,255,0,255
0,255,0,255,0,255,0,255,0,255,0,255,0,255,0,255,0,255,0,166,0,255,0,255,0,255,0,255,0,255,0,255,0,255,0,152,0,255
0,255,0,255,0,255,0,255,0,255,0,255,0,255,0,255,0,255,0,166,0,255,0,255,0,255,0,255,0,255,0,255,0,255,152,255,0,255
0,255,0,255,0,255,0,255,0,255,0,255,0,255,0,255,0,255,166,255,0,255,0,255,0,255,0,255,0,255,0,255,0,255,0,201,0,255
0,255,0,255,0,255,0,255,0,255,0,255,0,255,0,255,0,255,166,255,0,255,0,255,0,255,0,255,0,255,0,255,0,255,201,255,0,255
0,255,0,255,0,255,0,255,0,31,0,255,0,255,0,255,0,255,0,255,0,255,0,255,0,255,0,255,0,255,0,255,0,255,0,84,0,255
0,255,0,255,0,255,0,255,0,31,0,255,0,255,0,255,0,255,0,255,0,255,0,255,0,255,0,255,0,255,0,255,0,255,84,255,0,255
0,255,0,255,0,255,0,255,31,255,0,255,0,255,0,255,0,255,0,255,0,255,0,255,0,255,0,255,0,255,0,255,0,255,0,134,0,255
0,255,0,255,0,255,0,255,31,255,0,255,0,255,0,255,0,255,0,255,0,255,0,255,0,255,0,255,0,255,0,255,0,255,134,255,0,255
0,255,0,255,0,255,0,255,0,255,0,255,0,255,0,255,0,255,0,255,0,255,0,255,0,255,0,255,0,254,0,254,0,255,0,255,0,255
0,255,0,255,0,255,0,255,0,255,0,255,0,255,0,255,0,255,0,255,0,255,0,255,0,255,0,255,0,254,254,255,0,255,0,255,0,255
0,255,0,255,0,255,0,255,0,255,0,255,0,255,0,255,0,255,0,255,0,255,0,255,0,255,0,255,254,255,0,255,0,255,0,237,0,255
0,255,0,255,0,255,0,255,0,255,0,255,0,255,0,255,0,255,0,255,0,255,0,255,0,255,0,255,254,255,0,255,0,255,237,255,0,255
0,255,0,255,0,255,0,255,0,53,0,255,0,147,0,255,0,255,0,255,0,255,0,255,0,255,0,255,0,255,0,255,0,255,0,255,0,255
0,255,0,255,0,255,0,255,0,53,0,255,147,255,0,255,0,255,0,255,0,255,0,255,0,255,0,255,0,255,0,255,0,255,0,255,0,255
0,255,0,255,0,255,0,255,53,255,0,255,0,255,0,255,0,255,0,255,0,255,0,255,0,255,0,255,0,255,0,255,0,255,0,154,0,255
0,255,0,255,0,255,0,255,53,255,0,255,0,255,0,255,0,255,0,255,0,255,0,255,0,255,0,255,0,255,0,255,0,255,154,255,0,255
0,255,0,255,0,255,0,255,0,165,0,255,0,147,0,255,0,255,0,255,0,255,0,255,0,255,0,255,0,255,0,255,0,255,0,255,0,255
0,255,0,255,0,255,0,255,0,165,0,255,147,255,0,255,0,255,0,255,0,255,0,255,0,255,0,255,0,255,0,255,0,255,0,255,0,255
0,255,0,255,0,255,0,255,165,255,0,255,0,255,0,255,0,255,0,255,0,255,0,255,0,254,0,255,0,255,0,255,0,255,0,255,0,255
0,255,0,255,0,255,0,255,165,255,0,255,0,255,0,255,0,255,0,255,0,255,0,255,254,255,0,255,0,255,0,255,0,255,0,255,0,255
0,255,0,255,0,255,0,255,0,31,0,255,0,255,0,255,0,255,0,255,0,255,0,255,0,255,0,255,0,255,0,255,0,196,0,255,0,255
0,255,0,255,0,255,0,255,0,31,0,255,0,255,0,255,0,255,0,255,0,255,0,255,0,255,0,255,0,255,0,255,196,255,0,255,0,255
0,255,0,255,0,255,0,255,31,255,0,255,0,255,0,255,0,255,0,255,0,255,0,255,0,255,0,255,0,255,0,254,0,255,0,255,0,255
0,255,0,255,0,255,0,255,31,255,0,255,0,255,0,255,0,255,0,255,0,255,0,255,0,255,0,255,0,255,254,255,0,255,0,255,0,255
0,255,0,254,0,255,0,255,0,255,0,255,0,255,0,255,0,255,0,255,0,255,0,255,0,255,0,255,0,254,0,255,0,255,0,255,0,255
0,255,254,255,0,255,0,255,0,255,0,255,0,255,0,255,0,255,0,255,0,255,0,255,0,255,0,255,0,254,0,255,0,255,0,255,0,255
0,255,0,255,0,255,0,255,0,254,0,255,0,255,0,255,0,255,0,255,0,255,0,255,0,255,0,255,254,255,0,255,0,255,0,255,0,255
0,255,0,255,0,255,0,255,254,255,0,255,0,255,0,255,0,255,0,255,0,255,0,255,0,255,0,255,254,255,0,255,0,255,0,255,0,255
0,255,0,255,0,255,0,255,0,121,0,255,0,255,0,255,0,255,0,255,0,255,0,255,0,255,0,255,0,255,0,255,0,255,0,189,0,255
0,255,0,255,0,255,0,255,0,121,0,255,0,255,0,255,0,255,0,255,0,255,0,255,0,255,0,255,0,255,0,255,0,255,189,255,0,255
0,255,0,255,0,255,0,255,121,255,0,255,0,255,0,255,0,255,0,255,0,255,0,255,0,255,0,255,0,255,0,255,0,255,0,202,0,255
0,255,0,255,0,255,0,255,121,255,0,255,0,255,0,255,0,255,0,255,0,255,0,255,0,255,0,255,0,255,0,255,0,255,202,255,0,255
0,255,0,255,0,255,0,255,0,255,0,255,0,255,0,255,0,255,0,166,0,255,0,255,0,255,0,255,0,255,0,255,0,254,0,255,0,255
0,255,0,255,0,255,0,255,0,255,0,255,0,255,0,255,0,255,0,166,0,255,0,255,0,255,0,255,0,255,0,255,254,255,0,255,0,255
0,255,0,255,0,255,0,254,0,255,0,255,0,255,0,255,0,255,166,255,0,255,0,255,0,255,0,255,0,255,0,255,0,255,0,255,0,255
0,255,0,255,0,255,254,255,0,255,0,255,0,255,0,255,0,255,166,255,0,255,0,255,0,255,0,255,0,255,0,255,0,255,0,255,0,255
0,255,0,255,0,255,0,255,0,204,0,255,0,255,0,255,0,255,0,255,0,255,0,255,0,255,0,255,0,255,0,255,0,255,0,202,0,255
0,255,0,255,0,255,0,255,0,204,0,255,0,255,0,255,0,255,0,255,0,255,0,255,0,255,0,255,0,255,0,255,0,255,202,255,0,255
0,255,0,255,0,255,0,255,204,255,0,255,0,255,0,255,0,180,0,255,0,255,0,255,0,255,0,255,0,255,0,255,0,255,0,255,0,255
0,255,0,255,0,255,0,255,204,255,0,255,0,255,0,255,180,255,0,255,0,255,0,255,0,255,0,255,0,255,0,255,0,255,0,255,0,255
0,255,0,255,0,255,0,255,0,31,0,255,0,255,0,200,0,255,0,255,0,255,0,255,0,255,0,255,0,255,0,255,0,255,0,255,0,255
0,255,0,255,0,255,0,255,0,31,0,255,0,255,200,255,0,255,0,255,0,255,0,255,0,255,0,255,0,255,0,255,0,255,0,255,0,255
0,255,0,255,0,255,0,255,31,255,0,255,0,147,0,255,0,255,0,255,0,255,0,255,0,255,0,255,0,255,0,255,0,255,0,255,0,255
0,255,0,255,0,255,0,255,31,255,0,255,147,255,0,255,0,255,0,255,0,255,0,255,0,255,0,255,0,255,0,255,0,255,0,255,0,255
0,255,0,255,0,255,0,255,0,58,0,255,0,255,0,255,0,255,0,255,0,255,0,255,0,255,0,255,0,255,0,255,0,196,0,255,0,255
0,255,0,255,0,255,0,255,58,255,0,255,0,255,0,255,0,255,0,255,0,255,0,255,0,255,0,255,0,255,0,255,0,196,0,255,0,255
0,255,0,255,0,255,0,255,0,255,0,255,0,255,0,255,0,255,0,255,0,255,0,255,0,255,0,255,0,255,0,255,196,254,0,255,0,255
0,255,0,255,0,255,0,255,0,255,0,255,0,255,0,255,0,255,0,255,0,255,0,255,0,255,0,255,0,255,0,255,254,255,0,255,0,255
0,255,0,255,0,255,0,255,0,241,0,255,0,255,0,255,0,255,0,255,0,255,0,255,0,255,0,255,0,255,0,255,0,255,0,58,0,255
0,255,0,255,0,255,0,255,0,241,0,255,0,255,0,255,0,255,0,255,0,255,0,255,0,255,0,255,0,255,0,255,0,255,58,255,0,255
0,255,0,255,0,255,0,255,241,255,0,255,0,255,0,255,0,255,0,255,0,255,0,255,0,255,0,255,0,255,0,255,0,255,0,93,0,255
0,255,0,255,0,255,0,255,241,255,0,255,0,255,0,255,0,255,0,255,0,255,0,255,0,255,0,255,0,255,0,255,0,255,93,255,0,255
0,255,0,255,0,255,0,255,0,121,0,255,0,147,0,255,0,255,0,255,0,255,0,255,0,255,0,255,0,255,0,255,0,255,0,255,0,255
0,255,0,255,0,255,0,255,0,121,0,255,147,255,0,255,0,255,0,255,0,255,0,255,0,255,0,255,0,255,0,255,0,255,0,255,0,255
0,255,0,255,0,255,0,255,121,255,0,255,0,255,0,255,0,255,0,255,0,255,0,255,0,255,0,255,0,255,0,255,0,255,0,246,0,255
0,255,0,255,0,255,0,255,121,255,0,255,0,255,0,255,0,255,0,255,0,255,0,255,0,255,0,255,0,255,0,255,0,255,246,255,0,255
0,255,0,255,0,255,0,254,0,255,0,255,0,255,0,255,0,255,0,255,0,255,0,255,0,255,0,255,0,255,0,255,0,255,0,255,0,11
0,255,0,255,0,255,0,254,0,255,0,255,0,255,0,255,0,255,0,255,0,255,0,255,0,255,0,255,0,255,0,255,0,255,0,255,11,255
0,255,0,255,0,255,254,255,0,255,0,255,0,255,0,255,0,255,0,255,0,255,0,255,0,255,0,255,0,255,0,255,0,255,0,255,0,233
0,255,0,255,0,255,254,255,0,255,0,255,0,255,0,255,0,255,0,255,0,255,0,255,0,255,0,255,0,255,0,255,0,255,0,255,233,255
0,255,0,255,0,255,0,255,0,31,0,255,0,255,0,255,0,255,0,255,0,255,0,254,0,255,0,255,0,255,0,255,0,255,0,255,0,255
0,255,0,255,0,255,0,255,0,31,0,255,0,255,0,255,0,255,0,255,0,255,254,255,0,255,0,255,0,255,0,255,0,255,0,255,0,255
0,255,0,255,0,255,0,255,31,255,0,255,0,255,0,255,0,255,0,255,0,255,0,255,0,255,0,255,0,255,0,255,0,255,0,59,0,255
0,255,0,255,0,255,0,255,31,255,0,255,0,255,0,255,0,255,0,255,0,255,0,255,0,255,0,255,0,255,0,255,0,255,59,255,0,255
0,255,0,254,0,255,0,255,0,255,0,255,0,255,0,255,0,255,0,255,0,255,0,255,0,255,0,255,0,255,0,255,0,255,0,204,0,255
0,255,0,254,0,255,0,255,0,255,0,255,0,255,0,255,0,255,0,255,0,255,0,255,0,255,0,255,0,255,0,255,0,255,204,255,0,255
0,255,254,255,0,255,0,255,0,201,0,255,0,255,0,255,0,255,0,255,0,255,0,255,0,255,0,255,0,255,0,255,0,255,0,255,0,255
0,255,254,255,0,255,0,255,201,255,0,255,0,255,0,255,0,255,0,255,0,255,0,255,0,255,0,255,0,255,0,255,0,255,0,255,0,255
0,254,0,255,0,255,0,255,0,98,0,255,0,255,0,255,0,255,0,255,0,255,0,255,0,255,0,255,0,255,0,255,0,255,0,255,0,255
254,255,0,255,0,255,0,255,0,98,0,255,0,255,0,255,0,255,0,255,0,255,0,255,0,255,0,255,0,255,0,255,0,255,0,255,0,255
0,255,0,255,0,255,0,255,98,255,0,255,0,255,0,255,0,255,0,255,0,255,0,255,0,255,0,255,0,255,0,254,0,255,0,255,0,255
0,255,0,255,0,255,0,255,98,255,0,255,0,255,0,255,0,255,0,255,0,255,0,255,0,255,0,255,0,255,254,255,0,255,0,255,0,255
0,255,0,255,0,255,0,255,0,241,0,255,0,255,0,255,0,255,0,255,0,255,0,255,0,255,0,255,0,255,0,255,0,255,0,237,0,255
0,255,0,255,0,255,0,255,0,241,0,255,0,255,0,255,0,255,0,255,0,255,0,255,0,255,0,255,0,255,0,255,0,255,237,255,0,255
0,254,0,255,0,255,0,255,241,255,0,255,0,255,0,255,0,255,0,255,0,255,0,255,0,255,0,255,0,255,0,255,0,255,0,255,0,255
254,255,0,255,0,255,0,255,241,255,0,255,0,255,0,255,0,255,0,255,0,255,0,255,0,255,0,255,0,255,0,255,0,255,0,255,0,255
0,255,0,255,0,255,0,255,0,38,0,255,0,255,0,255,0,255,0,255,0,255,0,255,0,255,0,255,0,255,0,255,0,255,0,255,0,163
0,255,0,255,0,255,0,255,0,38,0,255,0,255,0,255,0,255,0,255,0,255,0,255,0,255,0,255,0,255,0,255,0,255,0,255,163,255
0,255,0,255,0,255,0,255,38,255,0,255,0,147,0,255,0,255,0,255,0,255,0,255,0,255,0,255,0,255,0,255,0,255,0,255,0,255
0,255,0,255,0,255,0,255,38,255,0,255,147,255,0,255,0,255,0,255,0,255,0,255,0,255,0,255,0,255,0,255,0,255,0,255,0,255
0,255,0,254,0,255,0,255,0,194,0,255,0,255,0,255,0,255,0,255,0,255,0,255,0,255,0,255,0,255,0,255,0,255,0,255,0,255
0,255,254,255,0,255,0,255,0,194,0,255,0,255,0,255,0,255,0,255,0,255,0,255,0,255,0,255,0,255,0,255,0,255,0,255,0,255
0,254,0,255,0,255,0,255,194,255,0,255,0,255,0,255,0,255,0,255,0,255,0,255,0,255,0,255,0,255,0,255,0,255,0,255,0,255
254,255,0,255,0,255,0,255,194,255,0,255,0,255,0,255,0,255,0,255,0,255,0,255,0,255,0,255,0,255,0,255,0,255,0,255,0,255
0,255,0,255,0,255,0,255,0,255,0,255,0,255,0,255,0,255,0,255,0,255,0,255,0,254,0,255,0,255,0,255,0,255,0,188,0,255
0,255,0,255,0,255,0,255,0,255,0,255,0,255,0,255,0,255,0,255,0,255,0,255,0,254,0,255,0,255,0,255,0,255,188,255,0,255
0,255,0,255,0,255,0,255,0,255,0,254,0,255,0,255,0,255,0,255,0,255,0,255,254,255,0,255,0,255,0,255,0,255,0,255,0,255
0,255,0,255,0,255,0,255,0,255,254,255,0,255,0,255,0,255,0,255,0,255,0,255,254,255,0,255,0,255,0,255,0,255,0,255,0,255
0,255,0,255,0,255,0,255,0,98,0,255,0,255,0,255,0,255,0,255,0,255,0,255,0,255,0,255,0,255,0,255,0,255,0,211,0,255
0,255,0,255,0,255,0,255,98,255,0,255,0,255,0,255,0,255,0,255,0,255,0,255,0,255,0,255,0,255,0,255,0,255,0,211,0,255
0,255,0,255,0,255,0,255,0,131,0,255,0,255,0,255,0,255,0,255,0,255,0,255,0,255,0,255,0,255,0,255,0,255,211,255,0,255
0,255,0,255,0,255,0,255,131,255,0,255,0,255,0,255,0,255,0,255,0,255,0,255,0,255,0,255,0,255,0,255,0,255,211,255,0,255
0,255,0,254,0,255,0,255,0,255,0,255,0,255,0,255,0,255,0,255,0,255,0,255,0,255,0,255,0,255,0,255,0,255,0,153,0,255
0,255,254,255,0,255,0,255,0,255,0,255,0,255,0,255,0,255,0,255,0,255,0,255,0,255,0,255,0,255,0,255,0,255,0,153,0,255
0,255,0,255,0,255,0,255,0,235,0,255,0,255,0,255,0,255,0,255,0,255,0,255,0,255,0,255,0,255,0,255,0,255,153,255,0,255
0,255,0,255,0,255,0,255,235,255,0,255,0,255,0,255,0,255,0,255,0,255,0,255,0,255,0,255,0,255,0,255,0,255,153,255,0,255
0,255,0,255,0,255,0,255,0,255,0,255,0,255,0,255,0,255,0,255,0,255,0,255,0,255,0,255,0,254,0,255,0,255,0,238,0,255
0,255,0,255,0,255,0,255,0,255,0,255,0,255,0,255,0,255,0,255,0,255,0,255,0,255,0,255,254,255,0,255,0,255,0,238,0,255
0,255,0,255,0,255,0,255,0,255,0,255,0,255,0,255,0,255,0,255,0,255,0,255,0,255,0,255,0,194,0,255,0,255,238,255,0,255
0,255,0,255,0,255,0,255,0,255,0,255,0,255,0,255,0,255,0,255,0,255,0,255,0,255,0,255,194,255,0,255,0,255,238,255,0,255
0,255,0,255,0,255,0,255,0,255,0,255,0,255,0,255,0,255,0,255,0,255,0,255,0,255,0,255,0,255,0,255,0,255,0,255,0,118
0,255,0,255,0,255,0,255,0,255,0,255,0,255,0,255,0,255,0,255,0,255,0,255,0,255,0,255,0,255,0,255,0,255,0,255,118,194
0,255,0,255,0,255,0,255,0,255,0,255,0,255,0,255,0,255,0,255,0,255,0,181,0,255,0,255,0,255,0,255,0,255,0,255,194,255
0,255,0,255,0,255,0,255,0,255,0,255,0,255,0,255,0,255,0,255,0,255,181,255,0,255,0,255,0,255,0,255,0,255,0,255,194,255
0,255,0,255,0,255,0,255,0,255,0,255,0,255,0,255,0,255,0,255,0,255,0,255,0,255,0,255,0,255,0,255,0,255,0,255,0,6
0,255,0,255,0,255,0,255,0,255,0,255,0,255,0,255,0,255,0,255,0,255,0,255,0,255,0,255,0,255,0,255,0,255,0,255,6,11
0,255,0,255,0,255,0,255,0,255,0,255,0,255,0,255,0,255,0,255,0,255,0,255,0,255,0,255,0,255,0,255,0,255,0,255,11,28
0,255,0,255,0,255,0,255,0,255,0,255,0,255,0,255,0,255,0,255,0,255,0,255,0,255,0,255,0,255,0,255,0,255,0,255,28,255
0,255,0,255,0,255,0,255,0,58,0,255,0,255,0,255,0,255,0,255,0,255,0,255,0,255,0,255,0,255,0,255,0,110,0,255,0,255
0,255,0,255,0,255,0,255,0,58,0,255,0,255,0,255,0,255,0,255,0,255,0,255,0,255,0,255,0,255,0,255,110,255,0,255,0,255
0,255,0,255,0,255,0,255,58,255,0,255,0,255,0,255,0,255,0,255,0,255,0,255,0,255,0,255,0,255,0,255,0,254,0,255,0,255
0,255,0,255,0,255,0,255,58,255,0,255,0,255,0,255,0,255,0,255,0,255,0,255,0,255,0,255,0,255,0,255,254,255,0,255,0,255
0,255,0,255,0,255,0,255,0,255,0,255,0,255,0,255,0,255,0,255,0,255,0,255,0,255,0,254,0,255,0,255,0,196,0,255,0,255
0,255,0,255,0,255,0,255,0,255,0,255,0,255,0,255,0,255,0,255,0,255,0,255,0,255,254,255,0,255,0,255,0,196,0,255,0,255
0,255,0,255,0,255,0,255,0,255,0,255,0,255,0,255,0,255,0,255,0,255,0,255,0,255,0,255,0,255,0,255,196,255,0,255,0,6
0,255,0,255,0,255,0,255,0,255,0,255,0,255,0,255,0,255,0,255,0,255,0,255,0,255,0,255,0,255,0,255,196,255,0,255,6,255
0,255,0,255,0,255,0,255,0,186,0,255,0,255,0,255,0,255,0,255,0,255,0,255,0,255,0,255,0,255,0,255,0,255,0,255,0,255
0,255,0,255,0,255,0,255,186,194,0,255,0,255,0,255,0,255,0,255,0,255,0,255,0,255,0,255,0,255,0,255,0,255,0,255,0,255
0,254,0,255,0,255,0,255,194,255,0,255,0,255,0,255,0,255,0,255,0,255,0,255,0,255,0,255,0,255,0,255,0,255,0,255,0,255
254,255,0,255,0,255,0,255,194,255,0,255,0,255,0,255,0,255,0,255,0,255,0,255,0,255,0,255,0,255,0,255,0,255,0,255,0,255
0,255,0,255,0,255,0,255,0,255,0,255,0,147,0,255,0,255,0,255,0,255,0,255,0,255,0,254,0,255,0,255,0,255,0,255,0,255
0,255,0,255,0,255,0,255,0,255,0,255,0,147,0,255,0,255,0,255,0,255,0,255,0,255,254,255,0,255,0,255,0,255,0,255,0,255
0,255,0,255,0,255,0,254,0,255,0,255,147,255,0,255,0,255,0,255,0,255,0,255,0,255,0,255,0,255,0,255,0,255,0,255,0,255
0,255,0,255,0,255,254,255,0,255,0,255,147,255,0,255,0,255,0,255,0,255,0,255,0,255,0,255,0,255,0,255,0,255,0,255,0,255
0,255,0,255,0,255,0,255,0,255,0,255,0,255,0,255,0,255,0,166,0,255,0,255,0,255,0,255,0,255,0,255,0,255,0,234,0,255
0,255,0,255,0,255,0,255,0,255,0,255,0,255,0,255,0,255,0,166,0,255,0,255,0,255,0,255,0,255,0,255,0,255,234,255,0,255
0,255,0,255,0,255,0,255,0,255,0,255,0,255,0,255,0,255,166,255,0,255,0,255,0,255,0,255,0,255,0,255,0,255,0,255,0,103
0,255,0,255,0,255,0,255,0,255,0,255,0,255,0,255,0,255,166,255,0,255,0,255,0,255,0,255,0,255,0,255,0,255,0,255,103,255
0,255,0,255,0,255,0,255,0,255,0,255,0,255,0,255,0,255,0,255,0,255,0,255,0,255,0,255,0,255,0,255,0,255,0,255,0,158
0,255,0,255,0,255,0,255,0,255,0,255,0,255,0,255,0,255,0,255,0,255,0,255,0,255,0,255,0,255,0,255,0,255,0,255,158,166
0,255,0,255,0,255,0,255,0,235,0,255,0,255,0,255,0,255,0,255,0,255,0,255,0,255,0,255,0,255,0,255,0,255,0,255,166,255
0,255,0,255,0,255,0,255,235,255,0,255,0,255,0,255,0,255,0,255,0,255,0,255,0,255,0,255,0,255,0,255,0,255,0,255,166,255
0,255,0,255,0,255,0,255,0,204,0,255,0,255,0,255,0,255,0,255,0,255,0,255,0,255,0,255,0,255,0,255,0,255,0,255,0,255
0,255,0,255,0,255,0,255,204,221,0,255,0,255,0,255,0,255,0,255,0,255,0,255,0,255,0,255,0,255,0,255,0,255,0,255,0,255
0,255,0,255,0,255,0,255,221,235,0,255,0,255,0,255,0,255,0,255,0,255,0,255,0,255,0,255,0,255,0,255,0,255,0,255,0,255
0,255,0,255,0,255,0,255,235,255,0,255,0,255,0,255,0,255,0,255,0,255,0,255,0,255,0,255,0,255,0,255,0,255,0,255,0,255
0,255,0,255,0,255,0,255,0,255,0,255,0,255,0,255,0,255,0,255,0,255,0,255,0,255,0,255,0,255,0,254,0,255,0,247,0,255
0,255,0,255,0,255,0,255,0,255,0,255,0,255,0,255,0,255,0,255,0,255,0,255,0,255,0,255,0,255,0,254,0,255,247,255,0,255
0,255,0,255,0,255,0,255,0,255,0,255,0,255,0,255,0,255,0,255,0,255,0,254,0,255,0,255,0,255,254,255,0,255,0,255,0,255
0,255,0,255,0,255,0,255,0,255,0,255,0,255,0,255,0,255,0,255,0,255,254,255,0,255,0,255,0,255,254,255,0,255,0,255,0,255
0,255,0,255,0,255,0,255,0,255,0,255,0,255,0,255,0,255,0,255,0,255,0,255,0,255,0,255,0,255,0,255,0,255,0,179,0,255
0,255,0,255,0,255,0,255,0,255,0,255,0,255,0,255,0,255,0,255,0,255,0,255,0,255,0,255,0,255,0,255,0,255,179,211,0,255
0,255,0,255,0,255,0,255,0,255,0,255,0,255,0,255,0,255,0,255,0,255,0,255,0,255,0,255,0,255,0,255,0,255,211,255,0,17
0,255,0,255,0,255,0,255,0,255,0,255,0,255,0,255,0,255,0,255,0,255,0,255,0,255,0,255,0,255,0,255,0,255,211,255,17,255
0,255,0,255,0,255,0,255,0,53,0,255,0,255,0,255,0,255,0,255,0,255,0,255,0,255,0,255,0,255,0,255,0,255,0,154,0,255
0,255,0,255,0,255,0,255,53,255,0,255,0,255,0,255,0,255,0,255,0,255,0,255,0,255,0,255,0,255,0,255,0,255,0,154,0,255
0,255,0,255,0,255,0,255,0,255,0,255,0,255,0,255,0,255,0,255,0,255,0,255,0,255,0,255,0,255,0,255,0,255,154,179,0,255
0,255,0,255,0,255,0,255,0,255,0,255,0,255,0,255,0,255,0,255,0,255,0,255,0,255,0,255,0,255,0,255,0,255,179,255,0,255
0,255,0,255,0,255,0,255,0,255,0,254,0,255,0,255,0,255,0,255,0,255,0,255,0,255,0,155,0,255,0,255,0,255,0,255,0,255
0,255,0,255,0,255,0,255,0,255,0,254,0,255,0,255,0,255,0,255,0,255,0,255,0,255,155,255,0,255,0,255,0,255,0,255,0,255
0,254,0,255,0,255,0,255,0,255,254,255,0,255,0,255,0,255,0,255,0,255,0,255,0,255,0,255,0,255,0,255,0,255,0,255,0,255
254,255,0,255,0,255,0,255,0,255,254,255,0,255,0,255,0,255,0,255,0,255,0,255,0,255,0,255,0,255,0,255,0,255,0,255,0,255
0,255,0,255,0,255,0,255,0,255,0,255,0,255,0,255,0,255,0,255,0,255,0,255,0,255,0,255,0,255,0,255,0,255,0,242,0,147
0,255,0,255,0,255,0,255,0,255,0,255,0,255,0,255,0,255,0,255,0,255,0,255,0,255,0,255,0,255,0,255,0,255,242,255,0,147
0,255,0,255,0,255,0,255,0,255,0,255,0,255,0,255,0,255,0,255,0,255,0,255,0,254,0,255,0,255,0,255,0,255,0,255,147,255
0,255,0,255,0,255,0,255,0,255,0,255,0,255,0,255,0,255,0,255,0,255,0,255,254,255,0,255,0,255,0,255,0,255,0,255,147,255
0,255,0,255,0,255,0,255,0,255,0,255,0,255,0,255,0,255,0,254,0,255,0,255,0,255,0,255,0,255,0,255,0,255,0,255,0,11
0,255,0,255,0,255,0,255,0,255,0,255,0,255,0,255,0,255,254,255,0,255,0,255,0,255,0,255,0,255,0,255,0,255,0,255,0,11
0,255,0,255,0,255,0,255,0,255,0,255,0,255,0,255,0,255,0,255,0,255,0,255,0,255,0,255,0,255,0,255,0,255,0,255,11,29
0,255,0,255,0,255,0,255,0,255,0,255,0,255,0,255,0,255,0,255,0,255,0,255,0,255,0,255,0,255,0,255,0,255,0,255,29,255
0,255,0,255,0,255,0,255,0,194,0,255,0,255,0,255,0,255,0,255,0,255,0,255,0,255,0,255,0,254,0,255,0,255,0,255,0,255
0,255,0,255,0,255,0,255,0,194,0,255,0,255,0,255,0,255,0,255,0,255,0,255,0,255,0,255,254,255,0,255,0,255,0,255,0,255
0,255,0,255,0,255,0,255,194,255,0,255,0,255,0,255,0,255,0,255,0,255,0,255,0,255,0,255,0,194,0,255,0,255,0,255,0,255
0,255,0,255,0,255,0,255,194,255,0,255,0,255,0,255,0,255,0,255,0,255,0,255,0,255,0,255,194,255,0,255,0,255,0,255,0,255
0,255,0,255,0,255,0,255,0,255,0,254,0,255,0,255,0,255,0,255,0,255,0,255,0,255,0,255,0,255,0,255,0,254,0,255,0,255
0,255,0,255,0,255,0,255,0,255,254,255,0,255,0,255,0,255,0,255,0,255,0,255,0,255,0,255,0,255,0,255,0,254,0,255,0,255
0,255,0,255,0,255,0,255,0,82,0,255,0,255,0,255,0,255,0,255,0,255,0,255,0,255,0,255,0,255,0,255,254,255,0,255,0,255
0,255,0,255,0,255,0,255,82,255,0,255,0,255,0,255,0,255,0,255,0,255,0,255,0,255,0,255,0,255,0,255,254,255,0,255,0,255
0,255,0,255,0,255,0,255,0,255,0,255,0,255,0,255,0,255,0,255,0,255,0,255,0,255,0,255,0,255,0,255,0,255,0,70,0,76
0,255,0,255,0,255,0,255,0,255,0,255,0,255,0,255,0,255,0,255,0,255,0,255,0,255,0,255,0,255,0,255,0,255,0,70,76,255
0,255,0,255,0,255,0,255,0,255,0,255,0,255,0,255,0,255,0,255,0,255,0,255,0,255,0,255,0,255,0,255,0,255,70,77,0,255
0,255,0,255,0,255,0,255,0,255,0,255,0,255,0,255,0,255,0,255,0,255,0,255,0,255,0,255,0,255,0,255,0,255,77,255,0,255
0,255,0,255,0,255,0,255,0,255,0,255,0,255,0,255,0,255,0,255,0,255,0,255,0,255,0,255,0,255,0,255,0,255,0,192,0,255
0,255,0,255,0,255,0,255,0,255,0,255,0,255,0,255,0,255,0,255,0,255,0,255,0,255,0,255,0,255,0,255,0,255,192,201,0,255
0,255,0,255,0,255,0,255,0,255,0,255,0,255,0,255,0,255,0,255,0,255,0,255,0,255,0,255,0,255,0,255,0,255,201,255,0,102
0,255,0,255,0,255,0,255,0,255,0,255,0,255,0,255,0,255,0,255,0,255,0,255,0,255,0,255,0,255,0,255,0,255,201,255,102,255
0,255,0,255,0,255,0,255,0,255,0,255,0,255,0,255,0,255,0,255,0,255,0,255,0,255,0,255,0,255,0,255,0,255,0,242,0,147
0,255,0,255,0,255,0,255,0,255,0,255,0,255,0,255,0,255,0,255,0,255,0,255,0,255,0,255,0,255,0,255,0,255,242,255,0,147
0,255,0,255,0,255,0,255,0,255,0,255,0,255,0,255,0,255,0,255,0,255,0,255,0,255,0,255,0,255,0,255,0,255,0,9,147,255
0,255,0,255,0,255,0,255,0,255,0,255,0,255,0,255,0,255,0,255,0,255,0,255,0,255,0,255,0,255,0,255,0,255,9,255,147,255
0,255,0,255,0,255,0,255,0,255,0,255,0,255,0,200,0,255,0,255,0,255,0,255,0,255,0,255,0,255,0,255,0,255,0,99,0,255
0,255,0,255,0,255,0,255,0,255,0,255,0,255,0,200,0,255,0,255,0,255,0,255,0,255,0,255,0,255,0,255,0,255,99,255,0,255
0,255,0,255,0,255,0,255,0,255,0,255,0,255,200,255,0,255,0,255,0,255,0,255,0,255,0,255,0,255,0,255,0,255,0,255,0,6
0,255,0,255,0,255,0,255,0,255,0,255,0,255,200,255,0,255,0,255,0,255,0,255,0,255,0,255,0,255,0,255,0,255,0,255,6,255
0,254,0,255,0,255,0,255,0,255,0,255,0,255,0,255,0,255,0,255,0,255,0,255,0,255,0,255,0,255,0,255,0,255,0,255,0,11
254,255,0,255,0,255,0,255,0,255,0,255,0,255,0,255,0,255,0,255,0,255,0,255,0,255,0,255,0,255,0,255,0,255,0,255,0,11
0,255,0,255,0,255,0,255,0,255,0,255,0,255,0,255,0,255,0,255,0,255,0,255,0,255,0,255,0,255,0,255,0,255,0,146,11,255
0,255,0,255,0,255,0,255,0,255,0,255,0,255,0,255,0,255,0,255,0,255,0,255,0,255,0,255,0,255,0,255,0,255,146,255,11,255
0,254,0,255,0,255,0,255,0,255,0,255,0,255,0,255,0,255,0,255,0,255,0,255,0,255,0,255,0,255,0,255,0,196,0,255,0,255
254,255,0,255,0,255,0,255,0,255,0,255,0,255,0,255,0,255,0,255,0,255,0,255,0,255,0,255,0,255,0,255,0,196,0,255,0,255
0,255,0,255,0,255,0,255,0,255,0,255,0,255,0,255,0,255,0,255,0,255,0,255,0,255,0,255,0,255,0,255,196,255,0,227,0,255
0,255,0,255,0,255,0,255,0,255,0,255,0,255,0,255,0,255,0,255,0,255,0,255,0,255,0,255,0,255,0,255,196,255,227,255,0,255
0,255,0,255,0,255,0,255,0,255,0,255,0,255,0,255,0,255,0,255,0,255,0,255,0,255,0,255,0,255,0,255,0,255,0,227,0,255
0,255,0,255,0,255,0,255,0,255,0,255,0,255,0,255,0,255,0,255,0,255,0,255,0,255,0,255,0,255,0,255,0,255,227,238,0,255
0,255,0,255,0,255,0,255,0,255,0,255,0,255,0,255,0,255,0,255,0,255,0,255,0,255,0,255,0,194,0,255,0,255,238,255,0,255
0,255,0,255,0,255,0,255,0,255,0,255,0,255,0,255,0,255,0,255,0,255,0,255,0,255,0,255,194,255,0,255,0,255,238,255,0,255
0,255,0,255,0,254,0,255,0,255,0,255,0,255,0,255,0,255,0,255,0,255,0,255,0,255,0,255,0,255,0,255,0,255,0,248,0,255
0,255,0,255,0,254,0,255,0,255,0,255,0,255,0,255,0,255,0,255,0,255,0,255,0,255,0,255,0,255,0,255,0,255,248,255,0,255
0,255,0,255,254,255,0,255,0,255,0,255,0,255,0,255,0,255,0,255,0,255,0,255,0,255,0,255,0,255,0,255,0,255,0,180,0,255
0,255,0,255,254,255,0,255,0,255,0,255,0,255,0,255,0,255,0,255,0,255,0,255,0,255,0,255,0,255,0,255,0,255,180,255,0,255
0,255,0,255,0,255,0,255,0,255,0,255,0,255,0,255,0,254,0,255,0,255,0,255,0,255,0,255,0,255,0,255,0,255,0,155,0,255
0,255,0,255,0,255,0,255,0,255,0,255,0,255,0,255,254,255,0,255,0,255,0,255,0,255,0,255,0,255,0,255,0,255,0,155,0,255
0,255,0,255,0,255,0,255,0,235,0,255,0,255,0,255,0,255,0,255,0,255,0,255,0,255,0,255,0,255,0,255,0,255,155,255,0,255
0,255,0,255,0,255,0,255,235,255,0,255,0,255,0,255,0,255,0,255,0,255,0,255,0,255,0,255,0,255,0,255,0,255,155,255,0,255
0,255,0,255,0,255,0,255,0,255,0,255,0,255,0,255,0,255,0,255,0,255,0,255,0,255,0,255,0,255,0,255,0,255,0,255,0,238
0,255,0,255,0,255,0,255,0,255,0,255,0,255,0,255,0,255,0,255,0,255,0,255,0,255,0,255,0,255,0,255,0,255,0,255,238,249
0,255,0,255,0,255,0,255,0,255,0,255,0,255,0,255,0,255,0,255,0,255,0,254,0,255,0,255,0,255,0,255,0,255,0,255,249,255
0,255,0,255,0,255,0,255,0,255,0,255,0,255,0,255,0,255,0,255,0,255,254,255,0,255,0,255,0,255,0,255,0,255,0,255,249,255
0,255,0,255,0,255,0,255,0,255,0,255,0,255,0,255,0,255,0,255,0,255,0,255,0,255,0,255,0,255,0,255,0,255,0,30,0,205
0,255,0,255,0,255,0,255,0,255,0,255,0,255,0,255,0,255,0,255,0,255,0,255,0,255,0,255,0,255,0,255,0,255,0,30,205,255
0,255,0,255,0,255,0,255,0,255,0,255,0,255,0,255,0,255,0,255,0,255,0,255,0,255,0,255,0,255,0,255,0,255,30,57,0,255
0,255,0,255,0,255,0,255,0,255,0,255,0,255,0,255,0,255,0,255,0,255,0,255,0,255,0,255,0,255,0,255,0,255,57,255,0,255
0,255,0,254,0,255,0,255,0,255,0,255,0,147,0,255,0,255,0,255,0,255,0,255,0,255,0,255,0,255,0,255,0,255,0,255,0,255
0,255,254,255,0,255,0,255,0,255,0,255,0,147,0,255,0,255,0,255,0,255,0,255,0,255,0,255,0,255,0,255,0,255,0,255,0,255
0,255,0,254,0,255,0,255,0,255,0,255,147,255,0,255,0,255,0,255,0,255,0,255,0,255,0,255,0,255,0,255,0,255,0,255,0,255
0,255,254,255,0,255,0,255,0,255,0,255,147,255,0,255,0,255,0,255,0,255,0,255,0,255,0,255,0,255,0,255,0,255,0,255,0,255
0,255,0,255,0,255,0,255,0,186,0,255,0,255,0,255,0,255,0,255,0,255,0,255,0,255,0,255,0,255,0,255,0,255,0,255,0,255
0,255,0,255,0,255,0,255,186,194,0,255,0,255,0,255,0,255,0,255,0,255,0,255,0,255,0,255,0,255,0,255,0,255,0,255,0,255
0,254,0,255,0,255,0,255,194,255,0,255,0,255,0,255,0,255,0,255,0,255,0,255,0,255,0,255,0,255,0,255,0,255,0,255,0,255
254,255,0,255,0,255,0,255,194,255,0,255,0,255,0,255,0,255,0,255,0,255,0,255,0,255,0,255,0,255,0,255,0,255,0,255,0,255
0,255,0,255,0,255,0,255,0,255,0,255,0,255,0,255,0,255,0,255,0,255,0,255,0,255,0,255,0,255,0,255,0,255,0,248,0,193
0,255,0,255,0,255,0,255,0,255,0,255,0,255,0,255,0,255,0,255,0,255,0,255,0,255,0,255,0,255,0,255,0,255,248,255,0,193
0,255,0,255,0,255,0,255,0,255,0,255,0,255,0,255,0,255,0,255,0,255,0,255,0,255,0,255,0,255,0,255,0,255,0,124,193,255
0,255,0,255,0,255,0,255,0,255,0,255,0,255,0,255,0,255,0,255,0,255,0,255,0,255,0,255,0,255,0,255,0,255,124,255,193,255
0,255,0,254,0,255,0,255,0,255,0,255,0,255,0,200,0,255,0,255,0,255,0,255,0,255,0,255,0,255,0,255,0,255,0,255,0,255
0,255,254,255,0,255,0,255,0,255,0,255,0,255,0,200,0,255,0,255,0,255,0,255,0,255,0,255,0,255,0,255,0,255,0,255,0,255
0,255,0,255,0,255,0,255,0,67,0,255,0,255,200,255,0,255,0,255,0,255,0,255,0,255,0,255,0,255,0,255,0,255,0,255,0,255
0,255,0,255,0,255,0,255,67,255,0,255,0,255,200,255,0,255,0,255,0,255,0,255,0,255,0,255,0,255,0,255,0,255,0,255,0,255
0,255,0,255,0,255,0,255,0,255,0,255,0,255,0,255,0,255,0,255,0,255,0,255,0,255,0,255,0,255,0,255,0,255,0,9,0,39
0,255,0,255,0,255,0,255,0,255,0,255,0,255,0,255,0,255,0,255,0,255,0,255,0,255,0,255,0,255,0,255,0,255,9,255,0,39
0,255,0,255,0,255,0,255,0,255,0,255,0,255,0,255,0,255,0,255,0,255,0,255,0,255,0,255,0,255,0,255,0,255,0,255,39,57
0,255,0,255,0,255,0,255,0,255,0,255,0,255,0,255,0,255,0,255,0,255,0,255,0,255,0,255,0,255,0,255,0,255,0,255,57,255
0,255,0,254,0,255,0,255,0,255,0,255,0,255,0,255,0,255,0,255,0,255,0,255,0,255,0,255,0,255,0,255,0,255,0,73,0,255
0,255,254,255,0,255,0,255,0,255,0,255,0,255,0,255,0,255,0,255,0,255,0,255,0,255,0,255,0,255,0,255,0,255,0,73,0,255
0,255,0,255,0,255,0,255,0,255,0,255,0,255,0,255,0,255,0,255,0,255,0,255,0,255,0,255,0,255,0,255,0,255,73,77,0,255
0,255,0,255,0,255,0,255,0,255,0,255,0,255,0,255,0,255,0,255,0,255,0,255,0,255,0,255,0,255,0,255,0,255,77,255,0,255
0,255,0,255,0,255,0,255,0,136,0,255,0,255,0,255,0,255,0,255,0,255,0,255,0,255,0,255,0,194,0,255,0,255,0,255,0,255
0,255,0,255,0,255,0,255,136,255,0,255,0,255,0,255,0,255,0,255,0,255,0,255,0,255,0,255,0,194,0,255,0,255,0,255,0,255
0,255,0,255,0,255,0,255,0,139,0,255,0,255,0,255,0,255,0,255,0,255,0,255,0,255,0,255,194,255,0,255,0,255,0,255,0,255
0,255,0,255,0,255,0,255,139,255,0,255,0,255,0,255,0,255,0,255,0,255,0,255,0,255,0,255,194,255,0,255,0,255,0,255,0,255
0,255,0,255,0,255,0,255,0,152,0,255,0,255,0,255,0,255,0,255,0,255,0,255,0,255,0,255,0,255,0,255,0,255,0,255,0,255
0,255,0,255,0,255,0,255,152,162,0,255,0,255,0,255,0,255,0,255,0,255,0,255,0,255,0,255,0,255,0,255,0,255,0,255,0,255
0,254,0,255,0,255,0,255,162,255,0,255,0,255,0,255,0,255,0,255,0,255,0,255,0,255,0,255,0,255,0,255,0,255,0,255,0,255
254,255,0,255,0,255,0,255,162,255,0,255,0,255,0,255,0,255,0,255,0,255,0,255,0,255,0,255,0,255,0,255,0,255,0,255,0,255
0,254,0,255,0,255,0,255,0,162,0,255,0,255,0,255,0,255,0,255,0,255,0,255,0,255,0,255,0,255,0,255,0,255,0,255,0,255
0,254,0,255,0,255,0,255,162,255,0,255,0,255,0,255,0,255,0,255,0,255,0,255,0,255,0,255,0,255,0,255,0,255,0,255,0,255
254,255,0,255,0,255,0,255,0,255,0,255,0,255,0,255,0,255,0,255,0,255,0,255,0,255,0,255,0,255,0,255,0,196,0,255,0,255
254,255,0,255,0,255,0,255,0,255,0,255,0,255,0,255,0,255,0,255,0,255,0,255,0,255,0,255,0,255,0,255,196,255,0,255,0,255
0,255,0,255,0,255,0,255,0,255,0,255,0,255,0,255,0,255,0,255,0,255,0,255,0,255,0,255,0,255,0,255,0,255,0,205,0,255
0,255,0,255,0,255,0,255,0,255,0,255,0,255,0,255,0,255,0,255,0,255,0,255,0,255,0,255,0,255,0,255,0,255,205,209,0,255
0,255,0,255,0,255,0,255,0,255,0,255,0,255,0,255,0,255,0,255,0,255,0,255,0,255,0,255,0,255,0,255,0,255,209,255,0,244
0,255,0,255,0,255,0,255,0,255,0,255,0,255,0,255,0,255,0,255,0,255,0,255,0,255,0,255,0,255,0,255,0,255,209,255,244,255
0,255,0,255,0,255,0,255,0,255,0,255,0,147,0,255,0,255,0,255,0,255,0,255,0,255,0,255,0,255,0,255,0,255,0,255,0,117
0,255,0,255,0,255,0,255,0,255,0,255,0,147,0,255,0,255,0,255,0,255,0,255,0,255,0,255,0,255,0,255,0,255,0,255,117,255
0,255,0,255,0,255,0,255,0,255,0,255,147,255,0,255,0,255,0,255,0,255,0,255,0,255,0,255,0,255,0,255,0,254,0,255,0,255
0,255,0,255,0,255,0,255,0,255,0,255,147,255,0,255,0,255,0,255,0,255,0,255,0,255,0,255,0,255,0,255,254,255,0,255,0,255
0,255,0,255,0,255,0,255,0,255,0,255,0,255,0,255,0,255,0,254,0,255,0,255,0,255,0,255,0,255,0,255,0,255,0,255,0,28
0,255,0,255,0,255,0,255,0,255,0,255,0,255,0,255,0,255,254,255,0,255,0,255,0,255,0,255,0,255,0,255,0,255,0,255,0,28
0,255,0,255,0,255,0,255,0,255,0,255,0,255,0,255,0,255,0,255,0,255,0,255,0,255,0,255,0,255,0,255,0,255,0,255,28,39
0,255,0,255,0,255,0,255,0,255,0,255,0,255,0,255,0,255,0,255,0,255,0,255,0,255,0,255,0,255,0,255,0,255,0,255,39,255
0,255,0,255,0,255,0,255,0,255,0,255,0,255,0,255,0,255,0,255,0,255,0,255,0,255,0,255,0,255,0,255,0,255,0,243,0,147
0,255,0,255,0,255,0,255,0,255,0,255,0,255,0,255,0,255,0,255,0,255,0,255,0,255,0,255,0,255,0,255,0,255,243,255,0,147
0,255,0,255,0,255,0,255,0,255,0,255,0,255,0,255,0,255,0,255,0,255,0,255,0,254,0,255,0,255,0,255,0,255,0,255,147,255
0,255,0,255,0,255,0,255,0,255,0,255,0,255,0,255,0,255,0,255,0,255,0,255,254,255,0,255,0,255,0,255,0,255,0,255,147,255
0,255,0,255,0,255,0,255,0,194,0,255,0,255,0,255,0,254,0,255,0,255,0,255,0,255,0,255,0,255,0,255,0,255,0,255,0,255
0,255,0,255,0,255,0,255,0,194,0,255,0,255,0,255,254,255,0,255,0,255,0,255,0,255,0,255,0,255,0,255,0,255,0,255,0,255
0,255,0,255,0,255,0,255,194,255,0,255,0,255,0,255,0,255,0,255,0,255,0,254,0,255,0,255,0,255,0,255,0,255,0,255,0,255
0,255,0,255,0,255,0,255,194,255,0,255,0,255,0,255,0,255,0,255,0,255,254,255,0,255,0,255,0,255,0,255,0,255,0,255,0,255
0,255,0,255,0,255,0,255,0,255,0,255,0,255,0,255,0,255,0,255,0,255,0,255,0,255,0,255,0,194,0,255,0,255,0,227,0,255
0,255,0,255,0,255,0,255,0,255,0,255,0,255,0,255,0,255,0,255,0,255,0,255,0,255,0,255,0,194,0,255,0,255,227,255,0,255
0,255,0,255,0,255,0,255,0,255,0,255,0,255,0,255,0,255,0,255,0,255,0,254,0,255,0,255,194,255,0,255,0,255,0,255,0,255
0,255,0,255,0,255,0,255,0,255,0,255,0,255,0,255,0,255,0,255,0,255,254,255,0,255,0,255,194,255,0,255,0,255,0,255,0,255
0,255,0,255,0,255,0,255,0,255,0,255,0,255,0,200,0,255,0,255,0,255,0,255,0,255,0,255,0,255,0,255,0,255,0,58,0,255
0,255,0,255,0,255,0,255,0,255,0,255,0,255,0,200,0,255,0,255,0,255,0,255,0,255,0,255,0,255,0,255,0,255,58,255,0,255
0,255,0,255,0,255,0,255,0,255,0,255,0,255,200,255,0,255,0,255,0,255,0,255,0,255,0,255,0,255,0,255,0,255,0,255,0,6
0,255,0,255,0,255,0,255,0,255,0,255,0,255,200,255,0,255,0,255,0,255,0,255,0,255,0,255,0,255,0,255,0,255,0,255,6,255
0,255,0,255,0,255,0,255,0,255,0,254,0,255,0,255,0,255,0,255,0,255,0,255,0,255,0,255,0,255,0,255,0,255,0,255,0,68
0,255,0,255,0,255,0,255,0,255,0,254,0,255,0,255,0,255,0,255,0,255,0,255,0,255,0,255,0,255,0,255,0,255,0,255,68,255
0,255,0,255,0,255,0,255,0,235,254,255,0,255,0,255,0,255,0,255,0,255,0,255,0,255,0,255,0,255,0,255,0,255,0,255,0,255
0,255,0,255,0,255,0,255,235,255,254,255,0,255,0,255,0,255,0,255,0,255,0,255,0,255,0,255,0,255,0,255,0,255,0,255,0,255
0,254,0,255,0,255,0,255,0,255,0,255,0,255,0,255,0,255,0,255,0,255,0,255,0,255,0,255,0,255,0,255,0,255,0,255,0,11
254,255,0,255,0,255,0,255,0,255,0,255,0,255,0,255,0,255,0,255,0,255,0,255,0,255,0,255,0,255,0,255,0,255,0,255,0,11
0,255,0,255,0,255,0,255,0,255,0,255,0,255,0,255,0,255,0,255,0,255,0,255,0,255,0,255,0,255,0,255,0,255,0,255,11,29
0,255,0,255,0,255,0,255,0,255,0,255,0,255,0,255,0,255,0,255,0,255,0,255,0,255,0,255,0,255,0,255,0,255,0,255,29,255
0,255,0,255,0,255,0,255,0,31,0,255,0,255,0,255,0,255,0,255,0,255,0,255,0,255,0,255,0,255,0,255,0,196,0,255,0,255
0,255,0,255,0,255,0,255,0,31,0,255,0,255,0,255,0,255,0,255,0,255,0,255,0,255,0,255,0,255,0,255,196,255,0,255,0,255
0,255,0,255,0,255,0,255,31,255,0,255,0,255,0,255,0,255,0,255,0,255,0,255,0,255,0,255,0,255,0,255,0,255,0,19,0,255
0,255,0,255,0,255,0,255,31,255,0,255,0,255,0,255,0,255,0,255,0,255,0,255,0,255,0,255,0,255,0,255,0,255,19,255,0,255
0,255,0,255,0,255,0,255,0,255,0,255,0,147,0,255,0,255,0,255,0,255,0,255,0,255,0,255,0,255,0,255,0,110,0,255,0,255
0,255,0,255,0,255,0,255,0,255,0,255,0,147,0,255,0,255,0,255,0,255,0,255,0,255,0,255,0,255,0,255,110,255,0,255,0,255
0,255,0,255,0,255,0,255,0,255,0,255,147,255,0,255,0,255,0,255,0,255,0,255,0,255,0,255,0,255,0,255,0,255,0,255,0,166
0,255,0,255,0,255,0,255,0,255,0,255,147,255,0,255,0,255,0,255,0,255,0,255,0,255,0,255,0,255,0,255,0,255,0,255,166,255
0,255,0,255,0,255,0,255,0,194,0,255,0,255,0,255,0,255,0,255,0,255,0,255,0,255,0,255,0,255,0,255,0,255,0,9,0,255
0,255,0,255,0,255,0,255,0,194,0,255,0,255,0,255,0,255,0,255,0,255,0,255,0,255,0,255,0,255,0,255,0,255,9,255,0,255
0,255,0,255,0,255,0,255,194,255,0,255,0,255,0,255,0,255,0,255,0,255,0,255,0,255,0,255,0,255,0,255,0,255,0,81,0,255
0,255,0,255,0,255,0,255,194,255,0,255,0,255,0,255,0,255,0,255,0,255,0,255,0,255,0,255,0,255,0,255,0,255,81,255,0,255
0,255,0,255,0,255,0,255,0,255,0,255,0,255,0,255,0,255,0,255,0,255,0,255,0,255,0,255,0,255,0,255,0,255,0,255,0,238
0,255,0,255,0,255,0,255,0,255,0,255,0,255,0,255,0,255,0,255,0,255,0,255,0,255,0,255,0,255,0,255,0,255,0,255,238,244
0,255,0,255,0,255,0,255,0,255,0,255,0,255,0,255,0,254,0,255,0,255,0,255,0,255,0,255,0,255,0,255,0,255,0,255,244,255
0,255,0,255,0,255,0,255,0,255,0,255,0,255,0,255,254,255,0,255,0,255,0,255,0,255,0,255,0,255,0,255,0,255,0,255,244,255
